Date,A,Ae
01/01/1949,1,1
01/04/1949,1.0159878914987766,1.0026069446434844
01/07/1949,1.0281868349731007,1.008600390495194
01/10/1949,1.0317863089884267,0.993309862
01/01/1950,1.0528191647757985,1.0111671352507368
01/04/1950,1.0453394339351645,1.006772042085899
01/07/1950,1.0453599309207224,1.0086537900022603
01/10/1950,1.0470146188562162,0.9968281269437188
01/01/1951,1.0433427852925643,0.9833047396640116
01/04/1951,1.038637449853185,0.9806561248625252
01/07/1951,1.069813920215581,0.9996414681408624
01/10/1951,1.0624509838246623,1.0081526078998917
01/01/1952,1.0527747053832417,1.0284905454196929
01/04/1952,1.0704496778285395,1.0416955900895224
01/07/1952,1.0602048536789666,1.0428808158995233
01/10/1952,1.063046630388338,1.0544628326688363
01/01/1953,1.0879170190799794,1.0553831111896603
01/04/1953,1.1011983575813755,1.0546795370203943
01/07/1953,1.1166560893039723,1.0525708339877513
01/10/1953,1.1250815909593486,1.0623641758570077
01/01/1954,1.1348328602305882,1.087921732
01/04/1954,1.142937287131254,1.0973299579640512
01/07/1954,1.1554132725219828,1.101710753694786
01/10/1954,1.1598947576169756,1.094830668014388
01/01/1955,1.156081132369984,1.079879762116125
01/04/1955,1.157289200272515,1.0629797030060708
01/07/1955,1.1619113382033226,1.056132453338026
01/10/1955,1.144588364906242,1.0451654190952144
01/01/1956,1.1471151062322924,1.036741532474731
01/04/1956,1.1644355258622594,1.044641218553381
01/07/1956,1.1558940447577184,1.0427713138166252
01/10/1956,1.1634898085898606,1.0486950462253453
01/01/1957,1.1775255233312407,1.056197893721479
01/04/1957,1.1937331392691224,1.0584637967508417
01/07/1957,1.2113026094190789,1.0680443473665204
01/10/1957,1.2385729257886415,1.0712690799060742
01/01/1958,1.2388409405691845,1.0611493264094185
01/04/1958,1.2448465461951093,1.071590926975031
01/07/1958,1.245768476011071,1.0799198908731364
01/10/1958,1.2492338696302785,1.0899765988855044
01/01/1959,1.2351370465695404,1.095599406859604
01/04/1959,1.2320847780959974,1.1001162428795832
01/07/1959,1.248935504659721,1.1076539869584774
01/10/1959,1.2569898722585868,1.1000756850223277
01/01/1960,1.2779841796831972,1.0960310732633625
01/04/1960,1.2714836796570164,1.086735620394375
01/07/1960,1.281686801503575,1.0925046240060006
01/10/1960,1.2850762212610174,1.0806359370595413
01/01/1961,1.286735049614806,1.0912258225293117
01/04/1961,1.2952523518499717,1.097649981
01/07/1961,1.306407717480689,1.106129875988187
01/10/1961,1.292971819841358,1.111093219683609
01/01/1962,1.3098771204036703,1.1230251238705824
01/04/1962,1.3026729635092584,1.124751728
01/07/1962,1.3200695234062805,1.1292878993388176
01/10/1962,1.328059448637137,1.1232340395022642
01/01/1963,1.327546131233878,1.1224089032887756
01/04/1963,1.3260549911657518,1.1175216477893817
01/07/1963,1.3520346653379471,1.131513420116032
01/10/1963,1.349105174431967,1.124633991677999
01/01/1964,1.3723668407343097,1.1348670137490129
01/04/1964,1.359169735739866,1.130995262935321
01/07/1964,1.372535201500074,1.138823390512839
01/10/1964,1.3636991425833398,1.1348136441892376
01/01/1965,1.3639494404426933,1.152571328884899
01/04/1965,1.3680524227152036,1.156057441001268
01/07/1965,1.4042512724567042,1.168354607665434
01/10/1965,1.4144501869831667,1.1791585758020613
01/01/1966,1.4283453789925522,1.1863677220977829
01/04/1966,1.4180019241902913,1.1717801345143355
01/07/1966,1.4227096987917989,1.165974173767756
01/10/1966,1.4353647642213183,1.1647064243624652
01/01/1967,1.4662661157975716,1.173336097661978
01/04/1967,1.4775594777732908,1.169203154214411
01/07/1967,1.4706553996837903,1.1687063278949852
01/10/1967,1.4819476551180468,1.1564392854243708
01/01/1968,1.5091682032588838,1.1619898293245483
01/04/1968,1.5201500411443207,1.164999183
01/07/1968,1.5118752445697343,1.1612981033545955
01/10/1968,1.5012806469744435,1.153612425905007
01/01/1969,1.5049134463986966,1.1590509382280765
01/04/1969,1.490913904913053,1.1527809038232637
01/07/1969,1.487682362637674,1.1430599511939536
01/10/1969,1.4813118346922909,1.1237813448232397
01/01/1970,1.501988397999888,1.1155212922690954
01/04/1970,1.529219621498467,1.1079447398171005
01/07/1970,1.5505781083598185,1.112837170170412
01/10/1970,1.5460579374167664,1.105515289646653
01/01/1971,1.5736788665867023,1.137663498077491
01/04/1971,1.5729058650859824,1.1437743339579134
01/07/1971,1.6065420120730505,1.1528579472857188
01/10/1971,1.573073561,1.144703843445321
01/01/1972,1.583309205299109,1.1498705994282563
01/04/1972,1.6048562747690245,1.1673382725836037
01/07/1972,1.607884211990968,1.169233421185634
01/10/1972,1.6142847841572807,1.1718418568920508
01/01/1973,1.6407771430678053,1.1876127111387298
01/04/1973,1.636643743980306,1.1838606707924968
01/07/1973,1.6108705288790046,1.189398761432828
01/10/1973,1.6121009713831271,1.2054571424415226
01/01/1974,1.6086589346262246,1.255562991005338
01/04/1974,1.6235301921233063,1.2388206326448052
01/07/1974,1.5902923807506493,1.211434472857237
01/10/1974,1.6209544893716437,1.233476748
01/01/1975,1.6590909082288885,1.2350610658559051
01/04/1975,1.675357667615019,1.3112408976576773
01/07/1975,1.666317067690746,1.313020984387283
01/10/1975,1.6519441669739774,1.327797734649301
01/01/1976,1.6569092455493415,1.336121491659669
01/04/1976,1.6708988033015766,1.3088529075598252
01/07/1976,1.6702536024652497,1.3240320323962298
01/10/1976,1.6920415077166493,1.2708009936220053
01/01/1977,1.707127876355305,1.3278384209259508
01/04/1977,1.689272049788022,1.3277470759489816
01/07/1977,1.7188368909242426,1.3458152840421445
01/10/1977,1.690306811248666,1.369264594786056
01/01/1978,1.702835594004723,1.363760327253321
01/04/1978,1.7085446536980249,1.4202479788681548
01/07/1978,1.7141505806253845,1.432638785127327
01/10/1978,1.7148053411948911,1.4538075405066353
01/01/1979,1.7036568549324242,1.3939926640075335
01/04/1979,1.7323211278360655,1.4240603528571212
01/07/1979,1.7214153699461423,1.458695602935636
01/10/1979,1.719529118309913,1.4538470073637673
01/01/1980,1.7610389508596729,1.4870678493254073
01/04/1980,1.7414260702635425,1.51404204
01/07/1980,1.7215187655430662,1.5366973869672482
01/10/1980,1.702329068450402,1.5167356512754269
01/01/1981,1.743381908878635,1.6264473919654732
01/04/1981,1.7123687235054923,1.602632269973933
01/07/1981,1.7451104297482474,1.6260887890145923
01/10/1981,1.7343889034305275,1.6188446441912832
01/01/1982,1.726764995474434,1.6217502372587638
01/04/1982,1.7133080222809434,1.6907716341336587
01/07/1982,1.7056076483408704,1.7013403537916896
01/10/1982,1.7124658146975515,1.7249652861176914
01/01/1983,1.7014454940756494,1.759369450030814
01/04/1983,1.7061116228529398,1.7708846674916785
01/07/1983,1.6969471960987992,1.7758476891813553
01/10/1983,1.6931201860172134,1.8424575325125327
01/01/1984,1.6989925629712348,1.783456684015338
01/04/1984,1.7142394606342417,1.7946413656234472
01/07/1984,1.7193092432335484,1.8470968868622704
01/10/1984,1.7230955331451698,1.906348961697249
01/01/1985,1.7392598742740852,1.8921853726636564
01/04/1985,1.7379249090876667,1.913176622880169
01/07/1985,1.752390103459627,1.9523385014836152
01/10/1985,1.750617312635949,1.956638415336145
01/01/1986,1.7609912057933843,1.938124327665937
01/04/1986,1.7753812291367248,1.9502900596764232
01/07/1986,1.781382591112218,2.002866610661737
01/10/1986,1.7745759763524664,2.031932264286356
01/01/1987,1.7536459356856802,1.9705151488908488
01/04/1987,1.7676071513251923,1.970002283299093
01/07/1987,1.7701797045190175,1.973250680783788
01/10/1987,1.7750897544580129,1.9995498529125355
01/01/1988,1.791463821027376,1.9540431039697328
01/04/1988,1.799273354273166,1.999628366493465
01/07/1988,1.8014080454463706,1.9680066702960013
01/10/1988,1.8009803014174952,1.9796372658918449
01/01/1989,1.8028338494862757,1.9907821062076572
01/04/1989,1.8062245541222235,2.0161835571975852
01/07/1989,1.820141852670016,2.050612457302063
01/10/1989,1.8166192809992352,1.9830518116166884
01/01/1990,1.8239760215106215,2.084577191578224
01/04/1990,1.8204182951955985,2.002060241024107
01/07/1990,1.8282117900092116,2.018876178718396
01/10/1990,1.819588009129126,2.051523571
01/01/1991,1.8175408496612564,2.0429223209654586
01/04/1991,1.8363462955862944,2.0534179415594545
01/07/1991,1.835973994816859,2.028338899529478
01/10/1991,1.8311790295860857,2.0222046622693677
01/01/1992,1.86963291,2.054702102055335
01/04/1992,1.8691212684153151,2.0465795648532628
01/07/1992,1.881376445601699,2.0876607752687124
01/10/1992,1.8775100112040728,2.092136818520105
01/01/1993,1.850186042424791,2.0848789417392513
01/04/1993,1.8348029796703809,2.131674288776105
01/07/1993,1.819791145314387,2.089319894421047
01/10/1993,1.8306048567581803,2.0923634518449896
01/01/1994,1.8153739676480396,2.065013410284386
01/04/1994,1.813511610307352,2.136920131190289
01/07/1994,1.8077315600021255,2.164179784
01/10/1994,1.8196341579935655,2.193847609633576
01/01/1995,1.8226524254377583,2.1765337013860995
01/04/1995,1.8392364206723772,2.176311991290361
01/07/1995,1.8373682018889583,2.166438742538356
01/10/1995,1.8410137083979432,2.1865522641649635
01/01/1996,1.868568961432154,2.186780389788985
01/04/1996,1.859898027729888,2.2333097881321784
01/07/1996,1.8589305195608792,2.2746995688990994
01/10/1996,1.8656579770255035,2.2458890336251285
01/01/1997,1.8488961844550371,2.268850539707651
01/04/1997,1.8678275615319928,2.2855312079774515
01/07/1997,1.883927774,2.304206708702405
01/10/1997,1.874553550778226,2.300449070397352
01/01/1998,1.8855737971757012,2.3666356115980207
01/04/1998,1.9017737082235864,2.3470792323660525
01/07/1998,1.9199765775872135,2.3479124130393725
01/10/1998,1.9199241170778747,2.4444435333250314
01/01/1999,1.9456834150474176,2.468209122
01/04/1999,1.947717040960839,2.4884547582224106
01/07/1999,1.9596932757883023,2.511120929299852
01/10/1999,1.987765366847708,2.5938649431864333
01/01/2000,1.9680033846917795,2.600185447898496
01/04/2000,2.004338670542366,2.610537717
01/07/2000,2.001169542188964,2.6292608207887205
01/10/2000,2.0313392020979593,2.645195570158504
01/01/2001,2.0110686165813574,2.645623444883782
01/04/2001,2.0392533957105723,2.6980123836109593
01/07/2001,2.0436961428003473,2.692366728841491
01/10/2001,2.071398044564196,2.7131456478907707
01/01/2002,2.089704638345288,2.7270895433307003
01/04/2002,2.087548406362662,2.7027728995723908
01/07/2002,2.102600863950923,2.724946841
01/10/2002,2.092977257,2.737197153
01/01/2003,2.1027733659189667,2.7422725441757576
01/04/2003,2.128152135936133,2.843698293461602
01/07/2003,2.162069239,2.8615621897856043
01/10/2003,2.153802861681462,2.878308791659277
01/01/2004,2.1514356645716743,2.8716551141490996
01/04/2004,2.170007361,2.894040583542881
01/07/2004,2.186833957878375,2.9528859133917633
01/10/2004,2.207914802,2.951724064878224
01/01/2005,2.217330099213351,3.013170585459578
01/04/2005,2.218200236411831,3.041725651121715
01/07/2005,2.225818831873174,3.114757865607047
01/10/2005,2.203120429451877,3.1695710546506177
01/01/2006,2.213071000763989,3.2501843743478767
01/04/2006,2.1941219590546384,3.2114667995549886
01/07/2006,2.177441232551475,3.1817724000875867
01/10/2006,2.1815826474399223,3.216317179406413
01/01/2007,2.179976577620716,3.19827894
01/04/2007,2.1765603008270773,3.225470279116362
01/07/2007,2.196598359356097,3.2605411679529506
01/10/2007,2.224317148536904,3.321108145851837
01/01/2008,2.194338053436387,3.318767589457791
01/04/2008,2.222063245755636,3.409023785078613
01/07/2008,2.2258904335117093,3.5153608848105975
01/10/2008,2.2009649735271757,3.3098030616894136
01/01/2009,2.2244975982568302,3.322773370756438
01/04/2009,2.2831886729984014,3.444913661309482
01/07/2009,2.2845871382299427,3.473613351377297
01/10/2009,2.29331796,3.455236212991106
01/01/2010,2.272983632599178,3.4001108969795575
01/04/2010,2.261774635,3.398460631776382
01/07/2010,2.2627294843120356,3.406169422462031
01/10/2010,2.2530751570737366,3.471753913831743
01/01/2011,2.242172755975836,3.4682744596463997
01/04/2011,2.236217286590482,3.5503135199118914
01/07/2011,2.2200932987500996,3.5220105503193753
01/10/2011,2.2349367324665375,3.6277053062306543
01/01/2012,2.2388567156171555,3.769765632970344
01/04/2012,2.237310212,3.654705876435026
01/07/2012,2.234595955738801,3.661772015024885
01/10/2012,2.210584929,3.6641235238869982
01/01/2013,2.2220324018655813,3.671883819702692
01/04/2013,2.212921288457376,3.690447494008928
01/07/2013,2.2314742211720473,3.725110006025326
01/10/2013,2.2384668812483617,3.650844742124712
01/01/2014,2.2099660731698085,3.6109339204675206
01/04/2014,2.226288789,3.774911705132359
01/07/2014,2.234728742766627,3.8284713355665176
01/10/2014,2.210751197786137,3.765867688
01/01/2015,2.2259922772283898,3.711513870210872
01/04/2015,2.2441315519185507,3.801389650879465
01/07/2015,2.2353181230553893,3.813716375931232
01/10/2015,2.217790612609081,3.965593612116499
01/01/2016,2.232395886661555,3.930723955517643
01/04/2016,2.2253430212731025,3.9114540087914462
01/07/2016,2.238135288915062,3.866632833601787
01/10/2016,2.246293265146958,3.969081792512797
01/01/2017,2.2499005966792756,4.057539741063689
01/04/2017,2.236215989515571,3.9869797708116095
01/07/2017,2.258316330342371,4.046104225366384
01/10/2017,2.261295015854584,4.023029319987672
01/01/2018,2.259102802874956,4.017333078264096
01/04/2018,2.261598656,4.049593677
01/07/2018,2.2743390974680007,4.052175823246777
01/10/2018,2.264163069499064,4.034392639674917
01/01/2019,2.289384650175668,4.043530031476268
01/04/2019,2.3113794898380347,4.200659776815583
01/07/2019,2.333440272412303,4.189873476878348
01/10/2019,2.34428209,4.211619632245503
01/01/2020,2.333756510284695,4.281349983902434
01/04/2020,2.3789705035114164,4.305617471
01/07/2020,2.3748934126079835,4.396421286829352
01/10/2020,2.353752427862961,4.380043224947172
01/01/2021,2.3571787473153747,4.4717436206284855
01/04/2021,2.371128075355034,4.406250972843829
01/07/2021,2.370596909475685,4.4264841139298525
01/10/2021,2.400307231195719,4.581073319185172
01/01/2022,2.369377819954022,4.473284372562457
01/04/2022,2.349188181,4.576526415574807
01/07/2022,2.3525319630199406,4.596934177368478
01/10/2022,2.3710264233863394,4.631553244
